y,m,d,ad,ed,pd,et,etd,v,ov,sv,sov,adj
0,0,0,,2026-07-31,14/08/2026,Rendimento,Rendimento,0.82,,"0,82000000",-,False
0,0,0,,2026-06-30,14/07/2026,Rendimento,Rendimento,0.82,,"0,82000000",-,False
0,0,0,,2026-05-29,15/06/2026,Rendimento,Rendimento,0.82,,"0,82000000",-,False
0,0,0,,2026-04-30,15/05/2026,Rendimento,Rendimento,0.82,,"0,82000000",-,False
0,0,0,,2026-03-31,15/04/2026,Rendimento,Rendimento,0.82,,"0,82000000",-,False
0,0,0,,2026-02-27,13/03/2026,Rendimento,Rendimento,0.82,,"0,82000000",-,False
0,0,0,,2026-01-30,13/02/2026,Rendimento,Rendimento,0.82,,"0,82000000",-,False
0,0,0,,2025-12-30,15/01/2026,Rendimento,Rendimento,0.82,,"0,82000000",-,False
0,0,0,,2025-11-28,12/12/2025,Rendimento,Rendimento,0.82,,"0,82000000",-,False
0,0,0,,2025-10-31,14/11/2025,Rendimento,Rendimento,0.82,,"0,82000000",-,False
0,0,0,,2025-09-30,14/10/2025,Rendimento,Rendimento,0.82,,"0,82000000",-,False
0,0,0,,2025-08-29,12/09/2025,Rendimento,Rendimento,0.82,,"0,82000000",-,False
0,0,0,,2025-07-31,14/08/2025,Rendimento,Rendimento,0.82,,"0,82000000",-,False
0,0,0,,2025-06-30,14/07/2025,Rendimento,Rendimento,0.82,,"0,82000000",-,False
0,0,0,,2025-05-30,13/06/2025,Rendimento,Rendimento,0.82,,"0,82000000",-,False
0,0,0,,2025-04-30,15/05/2025,Rendimento,Rendimento,0.82,,"0,82000000",-,False
0,0,0,,2025-03-31,14/04/2025,Rendimento,Rendimento,0.82,,"0,82000000",-,False
0,0,0,,2025-02-28,18/03/2025,Rendimento,Rendimento,0.82,,"0,82000000",-,False
0,0,0,,2025-01-31,14/02/2025,Rendimento,Rendimento,0.82,,"0,82000000",-,False
0,0,0,,2024-12-30,14/01/2025,Rendimento,Rendimento,0.78,,"0,78000000",-,False
0,0,0,,2024-11-29,13/12/2024,Rendimento,Rendimento,0.78,,"0,78000000",-,False
0,0,0,,2024-10-31,14/11/2024,Rendimento,Rendimento,0.78,,"0,78000000",-,False
0,0,0,,2024-09-30,14/10/2024,Rendimento,Rendimento,0.78,,"0,78000000",-,False
0,0,0,,2024-08-30,13/09/2024,Rendimento,Rendimento,0.78,,"0,78000000",-,False
0,0,0,,2024-07-31,14/08/2024,Rendimento,Rendimento,0.78,,"0,78000000",-,False
0,0,0,,2024-06-28,12/07/2024,Rendimento,Rendimento,0.78,,"0,78000000",-,False
0,0,0,,2024-05-31,14/06/2024,Rendimento,Rendimento,0.78,,"0,78000000",-,False
0,0,0,,2024-04-30,15/05/2024,Rendimento,Rendimento,0.78,,"0,78000000",-,False
0,0,0,,2024-03-28,12/04/2024,Rendimento,Rendimento,0.78,,"0,78000000",-,False
0,0,0,,2024-02-29,14/03/2024,Rendimento,Rendimento,0.78,,"0,78000000",-,False
0,0,0,,2024-01-31,16/02/2024,Rendimento,Rendimento,0.78,,"0,78000000",-,False
0,0,0,,2023-12-28,15/01/2024,Rendimento,Rendimento,0.78,,"0,78000000",-,False
0,0,0,,2023-11-30,14/12/2023,Rendimento,Rendimento,0.78,,"0,78000000",-,False
0,0,0,,2023-10-31,16/11/2023,Rendimento,Rendimento,0.78,,"0,78000000",-,False
0,0,0,,2023-09-29,16/10/2023,Rendimento,Rendimento,0.78,,"0,78000000",-,False
0,0,0,,2023-08-31,15/09/2023,Rendimento,Rendimento,0.78,,"0,78000000",-,False
0,0,0,,2023-07-31,14/08/2023,Rendimento,Rendimento,0.78,,"0,78000000",-,False
0,0,0,,2023-06-30,14/07/2023,Rendimento,Rendimento,0.79,,"0,79000000",-,False
0,0,0,,2023-05-31,15/06/2023,Rendimento,Rendimento,0.75,,"0,75000000",-,False
0,0,0,,2023-04-28,15/05/2023,Rendimento,Rendimento,0.74,,"0,74000000",-,False
0,0,0,,2023-03-31,17/04/2023,Rendimento,Rendimento,0.74,,"0,74000000",-,False
0,0,0,,2023-02-28,14/03/2023,Rendimento,Rendimento,0.74,,"0,74000000",-,False
0,0,0,,2023-01-31,14/02/2023,Rendimento,Rendimento,0.74,,"0,74000000",-,False
0,0,0,,2022-12-29,13/01/2023,Rendimento,Rendimento,0.74,,"0,74000000",-,False
0,0,0,,2022-11-30,14/12/2022,Rendimento,Rendimento,0.74,,"0,74000000",-,False
0,0,0,,2022-10-31,16/11/2022,Rendimento,Rendimento,0.74,,"0,74000000",-,False
0,0,0,,2022-09-30,17/10/2022,Rendimento,Rendimento,0.74,,"0,74000000",-,False
0,0,0,,2022-08-31,15/09/2022,Rendimento,Rendimento,0.72,,"0,72000000",-,False
0,0,0,,2022-07-29,12/08/2022,Rendimento,Rendimento,0.72,,"0,72000000",-,False
0,0,0,,2022-06-30,14/07/2022,Rendimento,Rendimento,0.7,,"0,70000000",-,False
0,0,0,,2022-05-31,14/06/2022,Rendimento,Rendimento,0.68,,"0,68000000",-,False
0,0,0,,2022-04-29,13/05/2022,Rendimento,Rendimento,0.66,,"0,66000000",-,False
0,0,0,,2022-03-31,14/04/2022,Rendimento,Rendimento,0.66,,"0,66000000",-,False
0,0,0,,2022-02-25,15/03/2022,Rendimento,Rendimento,0.66,,"0,66000000",-,False
0,0,0,,2022-01-31,14/02/2022,Rendimento,Rendimento,0.64,,"0,64000000",-,False
0,0,0,,2021-12-30,14/01/2022,Rendimento,Rendimento,0.64,,"0,64000000",-,False
0,0,0,,2021-11-30,14/12/2021,Rendimento,Rendimento,0.64,,"0,64000000",-,False
0,0,0,,2021-10-29,16/11/2021,Rendimento,Rendimento,0.64,,"0,64000000",-,False
0,0,0,,2021-09-30,15/10/2021,Rendimento,Rendimento,0.62,,"0,62000000",-,False
0,0,0,,2021-08-31,15/09/2021,Rendimento,Rendimento,0.62,,"0,62000000",-,False
0,0,0,,2021-07-30,13/08/2021,Rendimento,Rendimento,0.62,,"0,62000000",-,False
0,0,0,,2021-06-30,14/07/2021,Rendimento,Rendimento,0.61,,"0,61000000",-,False
0,0,0,,2021-05-31,15/06/2021,Rendimento,Rendimento,0.61,,"0,61000000",-,False
0,0,0,,2021-04-30,14/05/2021,Rendimento,Rendimento,0.6,,"0,60000000",-,False
0,0,0,,2021-03-31,15/04/2021,Rendimento,Rendimento,0.59,,"0,59000000",-,False
0,0,0,,2021-02-26,12/03/2021,Rendimento,Rendimento,0.58,,"0,58000000",-,False
0,0,0,,2021-01-29,12/02/2021,Rendimento,Rendimento,0.58,,"0,58000000",-,False
0,0,0,,2020-12-30,15/01/2021,Rendimento,Rendimento,0.6,,"0,60000000",-,False
0,0,0,,2020-11-30,14/12/2020,Rendimento,Rendimento,0.58,,"0,58000000",-,False
0,0,0,,2020-10-30,13/11/2020,Rendimento,Rendimento,0.58,,"0,58000000",-,False
0,0,0,,2020-09-30,15/10/2020,Rendimento,Rendimento,0.58,,"0,58000000",-,False
0,0,0,,2020-08-31,15/09/2020,Rendimento,Rendimento,0.58,,"0,58000000",-,False
0,0,0,,2020-07-31,14/08/2020,Rendimento,Rendimento,0.58,,"0,58000000",-,False
0,0,0,,2020-06-30,15/07/2020,Rendimento,Rendimento,0.57,,"0,57000000",-,False
0,0,0,,2020-05-29,15/06/2020,Rendimento,Rendimento,0.54,,"0,54000000",-,False
0,0,0,,2020-04-30,15/05/2020,Rendimento,Rendimento,0.54,,"0,54000000",-,False
0,0,0,,2020-03-31,14/04/2020,Rendimento,Rendimento,0.58,,"0,58000000",-,False
0,0,0,,2020-02-28,13/03/2020,Rendimento,Rendimento,0.64,,"0,64000000",-,False
0,0,0,,2020-01-31,14/02/2020,Rendimento,Rendimento,0.64,,"0,64000000",-,False
0,0,0,,2019-12-30,15/01/2020,Rendimento,Rendimento,0.64,,"0,64000000",-,False
0,0,0,,2019-11-29,13/12/2019,Rendimento,Rendimento,0.64,,"0,64000000",-,False
0,0,0,,2019-10-31,14/11/2019,Rendimento,Rendimento,0.64,,"0,64000000",-,False
0,0,0,,2019-09-30,14/10/2019,Rendimento,Rendimento,0.61,,"0,61000000",-,False
0,0,0,,2019-08-30,13/09/2019,Rendimento,Rendimento,0.61,,"0,61000000",-,False
0,0,0,,2019-07-31,14/08/2019,Rendimento,Rendimento,0.61,,"0,61000000",-,False
0,0,0,,2019-06-28,12/07/2019,Rendimento,Rendimento,0.61,,"0,61000000",-,False
0,0,0,,2019-05-31,14/06/2019,Rendimento,Rendimento,0.61,,"0,61000000",-,False
0,0,0,,2019-04-30,15/05/2019,Rendimento,Rendimento,0.68,,"0,68000000",-,False
0,0,0,,2019-03-29,12/04/2019,Rendimento,Rendimento,0.68,,"0,68000000",-,False
0,0,0,,2019-02-28,18/03/2019,Rendimento,Rendimento,0.67,,"0,67000000",-,False
0,0,0,,2019-01-31,14/02/2019,Rendimento,Rendimento,0.67,,"0,67000000",-,False
0,0,0,,2018-12-28,15/01/2019,Rendimento,Rendimento,0.648,,"0,64800000",-,False
0,0,0,,2018-11-30,14/12/2018,Rendimento,Rendimento,0.645,,"0,64500000",-,False
0,0,0,,2018-10-31,16/11/2018,Rendimento,Rendimento,0.6,,"0,60000000",-,False
0,0,0,,2018-10-16,16/11/2018,Rendimento,Rendimento,0.6,,"0,60000000",-,False
0,0,0,,2018-09-28,15/10/2018,Rendimento,Rendimento,0.7,,"0,70000000",-,False
0,0,0,,2018-08-31,17/09/2018,Rendimento,Rendimento,0.5,,"0,50000000",-,False
0,0,0,,2018-07-31,14/08/2018,Rendimento,Rendimento,0.134116,,"0,13411600",-,False
0,0,0,,2018-06-29,13/07/2018,Rendimento,Rendimento,0.32,,"0,32000000",-,False
